[{"model": "auth.permission", "pk": 1, "fields": {"name": "Can add log entry", "content_type": 1, "codename": "add_logentry"}}, {"model": "auth.permission", "pk": 2, "fields": {"name": "Can change log entry", "content_type": 1, "codename": "change_logentry"}}, {"model": "auth.permission", "pk": 3, "fields": {"name": "Can delete log entry", "content_type": 1, "codename": "delete_logentry"}}, {"model": "auth.permission", "pk": 4, "fields": {"name": "Can view log entry", "content_type": 1, "codename": "view_logentry"}}, {"model": "auth.permission", "pk": 5, "fields": {"name": "Can add permission", "content_type": 2, "codename": "add_permission"}}, {"model": "auth.permission", "pk": 6, "fields": {"name": "Can change permission", "content_type": 2, "codename": "change_permission"}}, {"model": "auth.permission", "pk": 7, "fields": {"name": "Can delete permission", "content_type": 2, "codename": "delete_permission"}}, {"model": "auth.permission", "pk": 8, "fields": {"name": "Can view permission", "content_type": 2, "codename": "view_permission"}}, {"model": "auth.permission", "pk": 9, "fields": {"name": "Can add group", "content_type": 3, "codename": "add_group"}}, {"model": "auth.permission", "pk": 10, "fields": {"name": "Can change group", "content_type": 3, "codename": "change_group"}}, {"model": "auth.permission", "pk": 11, "fields": {"name": "Can delete group", "content_type": 3, "codename": "delete_group"}}, {"model": "auth.permission", "pk": 12, "fields": {"name": "Can view group", "content_type": 3, "codename": "view_group"}}, {"model": "auth.permission", "pk": 13, "fields": {"name": "Can add user", "content_type": 4, "codename": "add_user"}}, {"model": "auth.permission", "pk": 14, "fields": {"name": "Can change user", "content_type": 4, "codename": "change_user"}}, {"model": "auth.permission", "pk": 15, "fields": {"name": "Can delete user", "content_type": 4, "codename": "delete_user"}}, {"model": "auth.permission", "pk": 16, "fields": {"name": "Can view user", "content_type": 4, "codename": "view_user"}}, {"model": "auth.permission", "pk": 17, "fields": {"name": "Can add content type", "content_type": 5, "codename": "add_contenttype"}}, {"model": "auth.permission", "pk": 18, "fields": {"name": "Can change content type", "content_type": 5, "codename": "change_contenttype"}}, {"model": "auth.permission", "pk": 19, "fields": {"name": "Can delete content type", "content_type": 5, "codename": "delete_contenttype"}}, {"model": "auth.permission", "pk": 20, "fields": {"name": "Can view content type", "content_type": 5, "codename": "view_contenttype"}}, {"model": "auth.permission", "pk": 21, "fields": {"name": "Can add session", "content_type": 6, "codename": "add_session"}}, {"model": "auth.permission", "pk": 22, "fields": {"name": "Can change session", "content_type": 6, "codename": "change_session"}}, {"model": "auth.permission", "pk": 23, "fields": {"name": "Can delete session", "content_type": 6, "codename": "delete_session"}}, {"model": "auth.permission", "pk": 24, "fields": {"name": "Can view session", "content_type": 6, "codename": "view_session"}}, {"model": "auth.permission", "pk": 25, "fields": {"name": "Can add beach", "content_type": 7, "codename": "add_beach"}}, {"model": "auth.permission", "pk": 26, "fields": {"name": "Can change beach", "content_type": 7, "codename": "change_beach"}}, {"model": "auth.permission", "pk": 27, "fields": {"name": "Can delete beach", "content_type": 7, "codename": "delete_beach"}}, {"model": "auth.permission", "pk": 28, "fields": {"name": "Can view beach", "content_type": 7, "codename": "view_beach"}}, {"model": "auth.permission", "pk": 29, "fields": {"name": "Can add water quality", "content_type": 8, "codename": "add_waterquality"}}, {"model": "auth.permission", "pk": 30, "fields": {"name": "Can change water quality", "content_type": 8, "codename": "change_waterquality"}}, {"model": "auth.permission", "pk": 31, "fields": {"name": "Can delete water quality", "content_type": 8, "codename": "delete_waterquality"}}, {"model": "auth.permission", "pk": 32, "fields": {"name": "Can view water quality", "content_type": 8, "codename": "view_waterquality"}}, {"model": "auth.permission", "pk": 33, "fields": {"name": "Can add weather", "content_type": 9, "codename": "add_weather"}}, {"model": "auth.permission", "pk": 34, "fields": {"name": "Can change weather", "content_type": 9, "codename": "change_weather"}}, {"model": "auth.permission", "pk": 35, "fields": {"name": "Can delete weather", "content_type": 9, "codename": "delete_weather"}}, {"model": "auth.permission", "pk": 36, "fields": {"name": "Can view weather", "content_type": 9, "codename": "view_weather"}}, {"model": "auth.permission", "pk": 37, "fields": {"name": "Can add community report", "content_type": 10, "codename": "add_communityreport"}}, {"model": "auth.permission", "pk": 38, "fields": {"name": "Can change community report", "content_type": 10, "codename": "change_communityreport"}}, {"model": "auth.permission", "pk": 39, "fields": {"name": "Can delete community report", "content_type": 10, "codename": "delete_communityreport"}}, {"model": "auth.permission", "pk": 40, "fields": {"name": "Can view community report", "content_type": 10, "codename": "view_communityreport"}}, {"model": "auth.permission", "pk": 41, "fields": {"name": "Can add user profile", "content_type": 11, "codename": "add_userprofile"}}, {"model": "auth.permission", "pk": 42, "fields": {"name": "Can change user profile", "content_type": 11, "codename": "change_userprofile"}}, {"model": "auth.permission", "pk": 43, "fields": {"name": "Can delete user profile", "content_type": 11, "codename": "delete_userprofile"}}, {"model": "auth.permission", "pk": 44, "fields": {"name": "Can view user profile", "content_type": 11, "codename": "view_userprofile"}}, {"model": "auth.permission", "pk": 45, "fields": {"name": "Can add admin profile", "content_type": 12, "codename": "add_adminprofile"}}, {"model": "auth.permission", "pk": 46, "fields": {"name": "Can change admin profile", "content_type": 12, "codename": "change_adminprofile"}}, {"model": "auth.permission", "pk": 47, "fields": {"name": "Can delete admin profile", "content_type": 12, "codename": "delete_adminprofile"}}, {"model": "auth.permission", "pk": 48, "fields": {"name": "Can view admin profile", "content_type": 12, "codename": "view_adminprofile"}}, {"model": "auth.permission", "pk": 49, "fields": {"name": "Can add beach specific chat", "content_type": 13, "codename": "add_beachspecificchat"}}, {"model": "auth.permission", "pk": 50, "fields": {"name": "Can change beach specific chat", "content_type": 13, "codename": "change_beachspecificchat"}}, {"model": "auth.permission", "pk": 51, "fields": {"name": "Can delete beach specific chat", "content_type": 13, "codename": "delete_beachspecificchat"}}, {"model": "auth.permission", "pk": 52, "fields": {"name": "Can view beach specific chat", "content_type": 13, "codename": "view_beachspecificchat"}}, {"model": "auth.permission", "pk": 53, "fields": {"name": "Can add message", "content_type": 14, "codename": "add_message"}}, {"model": "auth.permission", "pk": 54, "fields": {"name": "Can change message", "content_type": 14, "codename": "change_message"}}, {"model": "auth.permission", "pk": 55, "fields": {"name": "Can delete message", "content_type": 14, "codename": "delete_message"}}, {"model": "auth.permission", "pk": 56, "fields": {"name": "Can view message", "content_type": 14, "codename": "view_message"}}, {"model": "contenttypes.contenttype", "pk": 1, "fields": {"app_label": "admin", "model": "logentry"}}, {"model": "contenttypes.contenttype", "pk": 2, "fields": {"app_label": "auth", "model": "permission"}}, {"model": "contenttypes.contenttype", "pk": 3, "fields": {"app_label": "auth", "model": "group"}}, {"model": "contenttypes.contenttype", "pk": 4, "fields": {"app_label": "auth", "model": "user"}}, {"model": "contenttypes.contenttype", "pk": 5, "fields": {"app_label": "contenttypes", "model": "contenttype"}}, {"model": "contenttypes.contenttype", "pk": 6, "fields": {"app_label": "sessions", "model": "session"}}, {"model": "contenttypes.contenttype", "pk": 7, "fields": {"app_label": "app", "model": "beach"}}, {"model": "contenttypes.contenttype", "pk": 8, "fields": {"app_label": "app", "model": "waterquality"}}, {"model": "contenttypes.contenttype", "pk": 9, "fields": {"app_label": "app", "model": "weather"}}, {"model": "contenttypes.contenttype", "pk": 10, "fields": {"app_label": "app", "model": "communityreport"}}, {"model": "contenttypes.contenttype", "pk": 11, "fields": {"app_label": "app", "model": "userprofile"}}, {"model": "contenttypes.contenttype", "pk": 12, "fields": {"app_label": "app", "model": "adminprofile"}}, {"model": "contenttypes.contenttype", "pk": 13, "fields": {"app_label": "app", "model": "beachspecificchat"}}, {"model": "contenttypes.contenttype", "pk": 14, "fields": {"app_label": "app", "model": "message"}}, {"model": "app.beach", "pk": 1, "fields": {"name": "Silwerstroom", "location": "Cape Town, South Africa", "latitude": -33.5879, "longitude": 18.3642, "amenities": {}, "weather": 1, "waterQuality": 1}}, {"model": "app.beach", "pk": 2, "fields": {"name": "Melkbosstrand", "location": "Cape Town, South Africa", "latitude": -33.7193, "longitude": 18.4543, "amenities": {}, "weather": 2, "waterQuality": 2}}, {"model": "app.beach", "pk": 3, "fields": {"name": "Clifton 4th", "location": "Cape Town, South Africa", "latitude": -33.9406, "longitude": 18.3751, "amenities": {}, "weather": 3, "waterQuality": 3}}, {"model": "app.beach", "pk": 4, "fields": {"name": "Camps Bay", "location": "Cape Town, South Africa", "latitude": -33.9507, "longitude": 18.3776, "amenities": {}, "weather": 4, "waterQuality": 4}}, {"model": "app.beach", "pk": 5, "fields": {"name": "Llandudno Beach", "location": "Cape Town, South Africa", "latitude": -34.00807, "longitude": 18.340995, "amenities": {}, "weather": 5, "waterQuality": 5}}, {"model": "app.beach", "pk": 6, "fields": {"name": "Hout Bay Beach", "location": "Cape Town, South Africa", "latitude": -34.0457, "longitude": 18.3512, "amenities": {}, "weather": 6, "waterQuality": 6}}, {"model": "app.beach", "pk": 7, "fields": {"name": "Fish Hoek", "location": "Cape Town, South Africa", "latitude": -34.1376, "longitude": 18.4337, "amenities": {}, "weather": 7, "waterQuality": 7}}, {"model": "app.beach", "pk": 8, "fields": {"name": "Swimming Area", "location": "Cape Town, South Africa", "latitude": -34.197388, "longitude": 18.451151, "amenities": {}, "weather": 8, "waterQuality": 8}}, {"model": "app.beach", "pk": 9, "fields": {"name": "Muizenberg", "location": "Cape Town, South Africa", "latitude": -34.1087, "longitude": 18.4702, "amenities": {}, "weather": 9, "waterQuality": 9}}, {"model": "app.beach", "pk": 10, "fields": {"name": "Pavilion", "location": "Cape Town, South Africa", "latitude": -33.917419, "longitude": 18.386274, "amenities": {}, "weather": 10, "waterQuality": 10}}, {"model": "app.beach", "pk": 11, "fields": {"name": "Strandfontein", "location": "Cape Town, South Africa", "latitude": -34.0877, "longitude": 18.5566, "amenities": {}, "weather": 11, "waterQuality": 11}}, {"model": "app.beach", "pk": 12, "fields": {"name": "Mnandi Beach", "location": "Cape Town, South Africa", "latitude": -34.0755828, "longitude": 18.6106009, "amenities": {}, "weather": 12, "waterQuality": 12}}, {"model": "app.beach", "pk": 13, "fields": {"name": "East Beach", "location": "Cape Town, South Africa", "latitude": -34.1036978, "longitude": 18.4827634, "amenities": {}, "weather": 13, "waterQuality": 13}}, {"model": "app.beach", "pk": 14, "fields": {"name": "Bikini Beach", "location": "Cape Town, South Africa", "latitude": -34.1661379, "longitude": 18.857559, "amenities": {}, "weather": 14, "waterQuality": 14}}, {"model": "app.weather", "pk": 1, "fields": {"temperature": 13.93, "windSpeed": 0.36, "humidity": 82.0, "seaLevel": 1019.0, "forecast": "scattered clouds"}}, {"model": "app.weather", "pk": 2, "fields": {"temperature": 13.96, "windSpeed": 0.23, "humidity": 82.0, "seaLevel": 1019.0, "forecast": "broken clouds"}}, {"model": "app.weather", "pk": 3, "fields": {"temperature": 13.95, "windSpeed": 2.68, "humidity": 71.0, "seaLevel": 1019.0, "forecast": "overcast clouds"}}, {"model": "app.weather", "pk": 4, "fields": {"temperature": 13.98, "windSpeed": 2.68, "humidity": 70.0, "seaLevel": 1019.0, "forecast": "overcast clouds"}}, {"model": "app.weather", "pk": 5, "fields": {"temperature": 14.06, "windSpeed": 1.16, "humidity": 63.0, "seaLevel": 1019.0, "forecast": "overcast clouds"}}, {"model": "app.weather", "pk": 6, "fields": {"temperature": 14.27, "windSpeed": 1.25, "humidity": 60.0, "seaLevel": 1019.0, "forecast": "overcast clouds"}}, {"model": "app.weather", "pk": 7, "fields": {"temperature": 14.47, "windSpeed": 1.65, "humidity": 49.0, "seaLevel": 1019.0, "forecast": "overcast clouds"}}, {"model": "app.weather", "pk": 8, "fields": {"temperature": 14.51, "windSpeed": 1.92, "humidity": 24.0, "seaLevel": 1019.0, "forecast": "overcast clouds"}}, {"model": "app.weather", "pk": 9, "fields": {"temperature": 14.52, "windSpeed": 1.62, "humidity": 57.0, "seaLevel": 1019.0, "forecast": "overcast clouds"}}, {"model": "app.weather", "pk": 10, "fields": {"temperature": 13.95, "windSpeed": 2.68, "humidity": 73.0, "seaLevel": 1019.0, "forecast": "overcast clouds"}}, {"model": "app.weather", "pk": 11, "fields": {"temperature": 14.54, "windSpeed": 3.6, "humidity": 63.0, "seaLevel": 1019.0, "forecast": "broken clouds"}}, {"model": "app.weather", "pk": 12, "fields": {"temperature": 14.42, "windSpeed": 3.6, "humidity": 64.0, "seaLevel": 1019.0, "forecast": "broken clouds"}}, {"model": "app.weather", "pk": 13, "fields": {"temperature": 14.54, "windSpeed": 3.6, "humidity": 60.0, "seaLevel": 1019.0, "forecast": "broken clouds"}}, {"model": "app.weather", "pk": 14, "fields": {"temperature": 14.06, "windSpeed": 2.01, "humidity": 86.0, "seaLevel": 1019.0, "forecast": "broken clouds"}}, {"model": "app.waterquality", "pk": 1, "fields": {"phLevel": 8.2, "pollutionLevel": "Good", "isSafe": "medium"}}, {"model": "app.waterquality", "pk": 2, "fields": {"phLevel": 8.1, "pollutionLevel": "Good", "isSafe": "Not Safe"}}, {"model": "app.waterquality", "pk": 3, "fields": {"phLevel": 8.0, "pollutionLevel": "Excellent", "isSafe": "Safe"}}, {"model": "app.waterquality", "pk": 4, "fields": {"phLevel": 8.2, "pollutionLevel": "Good", "isSafe": "Safe"}}, {"model": "app.waterquality", "pk": 5, "fields": {"phLevel": 8.1, "pollutionLevel": "Good", "isSafe": "Not Safe"}}, {"model": "app.waterquality", "pk": 6, "fields": {"phLevel": 8.2, "pollutionLevel": "Moderate", "isSafe": "medium"}}, {"model": "app.waterquality", "pk": 7, "fields": {"phLevel": 8.0, "pollutionLevel": "Excellent", "isSafe": "Safe"}}, {"model": "app.waterquality", "pk": 8, "fields": {"phLevel": 8.1, "pollutionLevel": "Good", "isSafe": "Not Safe"}}, {"model": "app.waterquality", "pk": 9, "fields": {"phLevel": 8.3, "pollutionLevel": "Moderate", "isSafe": "Not Safe"}}, {"model": "app.waterquality", "pk": 10, "fields": {"phLevel": 8.2, "pollutionLevel": "Good", "isSafe": "Safe"}}, {"model": "app.waterquality", "pk": 11, "fields": {"phLevel": 8.0, "pollutionLevel": "Moderate", "isSafe": "medium"}}, {"model": "app.waterquality", "pk": 12, "fields": {"phLevel": 8.1, "pollutionLevel": "Good", "isSafe": "Safe"}}, {"model": "app.waterquality", "pk": 13, "fields": {"phLevel": 8.0, "pollutionLevel": "Excellent", "isSafe": "medium"}}, {"model": "app.waterquality", "pk": 14, "fields": {"phLevel": 8.2, "pollutionLevel": "Good", "isSafe": "Safe"}}, {"model": "app.beachspecificchat", "pk": 1, "fields": {"beach_name": "Bikini Beach", "messages": [1, 2, 3, 4, 5, 6, 7, 8, 9, 12, 14]}}, {"model": "app.beachspecificchat", "pk": 2, "fields": {"beach_name": "Strandfontein", "messages": [10, 11]}}, {"model": "app.beachspecificchat", "pk": 3, "fields": {"beach_name": "Fish Hoek", "messages": [13]}}, {"model": "app.beachspecificchat", "pk": 4, "fields": {"beach_name": "Clifton 4th", "messages": [15]}}, {"model": "app.beachspecificchat", "pk": 5, "fields": {"beach_name": "Pavilion", "messages": [16]}}, {"model": "app.message", "pk": 1, "fields": {"sender": "Zola", "content": "Its lit"}}, {"model": "app.message", "pk": 2, "fields": {"sender": "Zola", "content": "Wall"}}, {"model": "app.message", "pk": 3, "fields": {"sender": "Zola", "content": "Zikhipha"}}, {"model": "app.message", "pk": 4, "fields": {"sender": "Mnqobi", "content": "sd"}}, {"model": "app.message", "pk": 5, "fields": {"sender": "Mnqobi", "content": "Yoh"}}, {"model": "app.message", "pk": 6, "fields": {"sender": "Mnqobi", "content": "Else"}}, {"model": "app.message", "pk": 7, "fields": {"sender": "Mnqobi", "content": "Moja"}}, {"model": "app.message", "pk": 8, "fields": {"sender": "Mnqobi", "content": "Lova"}}, {"model": "app.message", "pk": 9, "fields": {"sender": "Mino", "content": "awd"}}, {"model": "app.message", "pk": 10, "fields": {"sender": "Mino", "content": "Ekse"}}, {"model": "app.message", "pk": 11, "fields": {"sender": "Moja", "content": "adw"}}, {"model": "app.message", "pk": 12, "fields": {"sender": "Jon", "content": "Wupoj"}}, {"model": "app.message", "pk": 13, "fields": {"sender": "Mnqobi", "content": "Ninjani"}}, {"model": "app.message", "pk": 14, "fields": {"sender": "awd", "content": "awd"}}, {"model": "app.message", "pk": 15, "fields": {"sender": "Mnqobi", "content": "Yoh"}}, {"model": "app.message", "pk": 16, "fields": {"sender": "Mnqobi", "content": "Ekse"}}]